Population,Total Population,Females,Males,Married Females,Married Males,Girls,Boys
10,10,5,5,0,0,5,5
10,10,5,5,0,0,5,5
10,10,5,5,0,0,5,5
10,10,5,5,0,0,5,5
10,10,5,5,0,0,5,5
10,10,5,5,0,0,5,5
10,10,5,5,0,0,5,5
10,10,5,5,0,0,5,5
10,10,5,5,0,0,5,5
10,10,5,5,0,0,5,5
10,10,5,5,0,0,5,5
10,10,5,5,0,0,5,5
10,10,5,5,0,0,5,5
10,10,5,5,0,0,5,5
10,10,5,5,0,0,5,5
10,10,5,5,0,0,5,5
10,10,5,5,0,0,5,5
10,10,5,5,0,0,0,0
10,10,5,5,0,0,0,0
10,10,5,5,0,0,0,0
10,10,5,5,0,0,0,0
10,10,5,5,5,5,0,0
10,10,5,5,5,5,0,0
10,10,5,5,5,5,0,0
10,10,5,5,3,3,0,0
10,10,5,5,3,3,0,0
10,10,5,5,3,3,0,0
10,10,5,5,3,3,0,0
10,10,5,5,3,3,0,0
11,11,5,6,3,3,0,1
12,12,5,7,2,2,0,2
13,13,5,8,2,2,0,3
13,13,5,8,1,1,0,3
13,13,5,8,1,1,0,3
13,13,5,8,0,0,0,3
14,14,5,9,0,0,0,4
14,14,5,9,0,0,0,4
14,14,5,9,0,0,0,4
15,15,5,10,0,0,0,5
15,15,5,10,0,0,0,5
16,16,5,11,0,0,0,6
19,19,7,12,0,0,2,7
19,19,7,12,0,0,2,7
19,19,7,12,0,0,2,7
19,19,7,12,0,0,2,7
19,19,7,12,0,0,2,7
19,19,7,12,0,0,2,6
19,19,7,12,0,0,2,5
19,19,7,12,0,0,2,4
19,19,7,12,0,0,2,4
19,19,7,12,0,1,2,4
19,19,7,12,0,2,2,4
19,19,7,12,0,3,2,3
20,20,8,12,0,3,3,3
20,20,8,12,0,3,3,3
21,21,8,13,0,3,3,3
21,21,8,13,0,4,3,3
21,21,8,13,0,4,3,2
22,22,8,14,0,4,1,2
22,22,8,14,0,5,1,2
22,22,8,14,0,5,1,2
23,23,9,14,0,6,2,2
24,24,9,15,2,7,2,3
24,24,9,15,2,7,2,3
24,24,9,15,1,6,2,3
24,24,9,15,1,6,2,3
24,24,9,15,0,5,2,3
24,24,9,15,0,5,2,3
24,24,9,15,0,5,2,3
24,24,9,15,0,5,2,3
24,24,9,15,0,5,1,3
24,24,9,15,0,5,1,3
24,24,9,15,0,5,1,2
24,24,9,15,0,5,1,2
25,25,9,16,1,5,1,3
25,25,9,16,1,5,1,2
25,25,9,16,1,6,1,2
26,26,10,16,1,6,2,2
26,26,10,16,0,5,1,2
27,27,11,16,0,6,2,1
26,27,11,15,0,6,2,1
26,27,11,15,0,6,2,1
26,27,11,15,1,6,2,1
27,28,12,15,0,6,3,1
29,30,12,17,0,6,3,3
30,31,12,18,0,6,3,4
30,31,12,18,0,6,3,4
29,32,11,18,0,6,3,5
29,32,11,18,0,6,3,5
29,32,11,18,0,6,3,5
30,33,11,19,0,6,3,6
30,34,11,19,0,6,4,5
31,35,12,19,0,6,5,5
30,35,11,19,0,6,5,5
31,36,11,20,0,6,4,6
30,36,11,19,0,7,4,6
28,36,10,18,0,7,3,6
29,37,11,18,0,7,4,6
28,37,10,18,1,7,4,6
29,38,10,19,0,6,4,7
28,38,10,18,1,6,3,7
29,39,10,19,0,5,3,6
29,39,10,19,0,5,3,5
29,39,10,19,0,5,3,5
29,39,10,19,1,5,3,4
29,39,10,19,1,7,3,4
30,40,11,19,0,7,4,4
31,41,12,19,0,7,5,3
31,41,12,19,0,8,4,3
31,41,12,19,0,8,3,3
31,41,12,19,0,8,3,3
32,42,12,20,0,9,3,3
33,43,13,20,1,9,4,3
33,43,13,20,1,8,4,3
35,45,14,21,0,7,4,4
35,45,14,21,0,8,4,4
35,45,14,21,0,8,4,3
33,45,14,19,0,8,4,3
34,46,14,20,1,8,4,3
35,47,14,21,0,7,4,4
36,49,13,23,0,8,4,6
36,49,13,23,0,8,4,6
35,49,13,22,0,9,4,6
38,52,16,22,0,9,6,6
37,52,15,22,0,9,5,6
37,52,15,22,0,9,5,6
37,52,15,22,0,9,5,6
37,52,15,22,1,9,5,6
37,53,16,21,2,9,6,5
38,54,17,21,1,8,6,5
37,54,17,20,1,8,6,5
37,54,17,20,0,7,5,4
37,54,17,20,0,8,5,4
36,55,16,20,1,8,5,5
36,56,16,20,1,8,5,6
36,56,16,20,1,8,5,5
36,57,16,20,0,7,5,5
36,57,16,20,0,7,5,3
37,58,17,20,0,7,6,3
39,60,17,22,0,8,6,5
39,60,17,22,0,9,3,5
41,62,18,23,0,11,4,6
41,62,18,23,0,11,4,6
43,64,19,24,0,11,5,7
43,64,19,24,3,11,5,7
43,64,19,24,2,10,4,7
42,64,19,23,1,9,3,7
41,64,18,23,1,9,3,7
42,65,19,23,1,9,4,7
42,65,19,23,1,8,4,7
43,66,19,24,1,7,4,7
43,66,19,24,1,7,4,6
44,67,19,25,1,7,4,7
44,67,19,25,1,7,4,6
45,68,19,26,1,8,4,7
46,69,19,27,0,8,3,8
46,69,19,27,0,8,3,6
47,70,20,27,0,9,4,6
48,71,21,27,0,9,4,5
48,71,21,27,1,9,4,5
48,71,21,27,0,10,3,4
47,71,21,26,0,10,3,4
48,72,22,26,1,11,4,4
47,73,22,25,0,10,5,4
48,74,23,25,1,11,6,4
48,74,23,25,0,10,5,4
52,78,25,27,0,10,7,6
52,78,25,27,0,10,7,5
52,78,25,27,0,10,7,5
53,79,25,28,1,10,7,5
54,80,25,29,0,9,7,6
55,82,26,29,0,10,8,6
54,82,25,29,0,10,8,5
52,82,24,28,0,11,8,5
55,85,26,29,0,11,9,6
54,85,26,28,0,12,8,6
54,85,26,28,0,13,8,6
55,86,26,29,0,13,8,7
54,86,26,28,1,13,8,7
52,86,24,28,1,12,7,7
53,87,25,28,0,11,7,7
54,88,26,28,0,11,7,7
53,88,26,27,0,11,7,7
53,89,26,27,1,11,5,6
53,89,26,27,2,11,5,6
53,89,26,27,1,9,5,6
53,90,26,27,0,8,5,6
52,90,25,27,2,10,5,5
53,91,26,27,1,9,5,4
55,93,27,28,0,8,6,5
55,93,27,28,0,9,6,5
56,95,27,29,0,9,4,6
58,97,28,30,1,10,5,7
58,97,28,30,0,9,5,7
60,99,29,31,0,9,6,7
60,99,29,31,2,10,6,7
60,99,29,31,0,8,6,7
62,101,30,32,0,8,6,8
63,102,31,32,0,9,6,8
65,104,32,33,0,9,7,9
66,105,33,33,0,9,8,8
64,105,32,32,1,9,8,8
64,106,32,32,2,9,9,8
66,108,34,32,0,7,11,7
66,110,34,32,0,8,13,7
66,110,34,32,0,8,12,7
68,113,37,31,0,8,14,6
69,114,38,31,0,9,15,6
70,116,39,31,0,9,16,5
71,118,39,32,1,9,16,5
69,118,39,30,1,9,16,5
69,118,39,30,0,8,15,4
67,118,37,30,0,10,15,4
68,119,38,30,1,11,16,4
68,119,38,30,0,10,15,3
68,120,37,31,1,11,14,4
68,120,37,31,1,11,13,3
70,122,38,32,0,10,13,4
70,122,38,32,1,11,13,4
69,122,38,31,1,10,12,4
70,123,39,31,2,11,11,4
72,126,38,34,1,9,9,7
74,128,38,36,1,9,9,9
76,130,39,37,1,8,7,10
76,130,39,37,2,7,6,10
78,132,40,38,3,6,6,10
78,133,41,37,3,6,6,9
81,138,41,40,3,3,7,13
79,138,41,38,3,1,7,13
82,142,40,42,4,2,7,17
86,147,42,44,5,3,9,19
89,151,42,47,5,3,9,23
90,152,42,48,5,3,9,23
91,153,42,49,5,3,9,24
94,156,44,50,6,3,10,24
93,156,44,49,5,2,10,24
95,159,45,50,5,3,11,26
98,162,46,52,4,2,11,28
98,162,46,52,5,3,11,25
98,164,47,51,5,3,12,24
98,165,47,51,5,3,11,24
98,165,47,51,6,3,11,24
101,168,50,51,6,6,13,23
104,171,51,53,6,8,13,25
103,172,50,53,6,8,13,21
105,174,52,53,6,8,15,21
108,177,54,54,7,9,17,18
107,178,53,54,8,9,15,16
108,180,54,54,8,12,16,13
108,181,53,55,7,11,16,13
108,181,53,55,7,15,16,12
105,181,51,54,7,14,14,11
105,182,51,54,7,18,14,12
106,185,52,54,7,19,14,12
107,186,52,55,7,20,13,11
111,190,56,55,8,20,17,11
112,193,56,56,6,18,17,12
113,195,57,56,5,18,18,12
116,198,59,57,3,17,20,13
117,201,59,58,1,15,19,14
119,203,61,58,1,15,20,12
119,204,62,57,0,15,20,12
122,207,63,59,0,15,19,14
125,210,63,62,3,15,17,16
127,212,64,63,0,13,17,17
129,214,66,63,1,13,18,16
133,218,68,65,2,12,20,17
134,221,68,66,4,13,21,19
136,224,68,68,5,13,22,21
135,224,67,68,6,14,22,20
135,226,68,67,4,13,23,18
136,227,69,67,3,12,24,17
139,231,69,70,1,10,21,20
142,234,72,70,0,10,23,18
145,237,73,72,1,12,23,19
145,238,74,71,0,12,22,18
149,243,76,73,4,12,22,20
156,250,81,75,4,13,25,22
161,255,84,77,5,14,27,24
162,258,86,76,6,14,28,23
161,258,86,75,8,15,28,20
168,265,90,78,10,15,31,22
173,271,93,80,9,13,32,25
176,274,94,82,8,13,31,25
178,277,96,82,7,15,33,23
179,279,97,82,6,14,34,21
183,283,100,83,7,13,37,22
183,285,100,83,8,14,37,22
184,288,99,85,5,12,36,25
186,291,101,85,4,12,37,23
191,296,103,88,2,10,36,26
195,301,104,91,3,9,37,27
196,303,105,91,2,7,38,27
200,307,107,93,2,9,38,26
200,309,106,94,4,8,34,25
202,313,106,96,4,9,33,25
206,317,107,99,4,8,32,27
210,322,107,103,2,7,33,31
211,325,107,104,6,8,31,29
215,330,109,106,9,10,31,28
217,334,109,108,10,10,32,28
222,340,111,111,9,9,31,32
223,341,112,111,12,11,30,32
225,343,113,112,13,12,28,32
229,347,115,114,13,13,28,34
231,350,114,117,14,11,28,34
233,355,113,120,15,10,27,37
239,362,116,123,18,11,29,37
243,369,117,126,20,11,29,39
245,373,119,126,18,12,29,41
248,377,121,127,19,12,30,40
248,380,123,125,20,14,32,39
257,390,127,130,19,14,34,43
259,395,128,131,20,13,34,44
263,399,131,132,22,15,36,41
270,407,135,135,21,14,38,44
271,411,136,135,22,15,37,44
271,413,135,136,21,16,35,44
275,418,135,140,19,17,34,44
278,423,135,143,18,15,33,49
281,430,136,145,18,14,34,53
284,436,140,144,18,14,36,53
291,444,144,147,17,15,40,54
293,448,144,149,17,14,40,53
296,454,144,152,16,13,38,54
301,462,147,154,17,14,41,52
303,465,147,156,13,13,39,53
306,469,149,157,12,15,39,53
309,474,150,159,16,18,38,56
314,481,154,160,17,22,39,52
316,483,155,161,16,21,39,49
321,489,157,164,17,20,38,52
328,498,162,166,18,18,39,52
331,503,163,168,21,23,39,53
333,506,164,169,19,24,41,52
339,512,164,175,19,22,40,54
341,515,164,177,21,24,41,51
342,520,165,177,22,25,41,49
345,524,165,180,18,23,38,50
348,529,164,184,17,25,35,50
351,534,166,185,17,30,37,49
351,535,167,184,14,30,36,45
356,542,169,187,11,25,34,46
359,547,170,189,14,28,37,45
362,554,171,191,11,27,36,49
368,562,172,196,10,28,36,52
372,568,175,197,11,27,35,52
376,575,177,199,8,27,38,54
376,578,177,199,9,26,38,51
382,585,178,204,8,26,35,52
387,591,180,207,11,26,36,52
394,600,186,208,8,23,41,53
394,602,186,208,8,25,43,47
401,611,188,213,11,27,45,51
408,620,190,218,9,26,47,53
414,628,194,220,8,24,50,54
416,631,196,220,5,27,51,51
426,642,202,224,1,24,55,53
430,650,205,225,2,26,58,57
441,663,211,230,2,28,62,59
442,669,212,230,1,30,62,60
451,682,220,231,3,31,69,59
455,690,219,236,1,28,69,59
460,698,223,237,3,31,70,60
466,706,223,243,3,30,68,63
470,711,224,246,2,32,68,65
473,719,225,248,1,35,70,64
474,725,228,246,4,36,72,62
474,731,230,244,3,34,71,60
483,741,234,249,3,33,74,65
486,745,235,251,1,34,72,62
484,750,234,250,3,36,70,60
487,757,234,253,7,35,69,60
493,766,236,257,2,28,72,63
500,777,240,260,3,32,73,62
508,789,245,263,6,36,76,63
517,799,249,268,5,35,73,63
521,806,255,266,2,31,76,61
525,811,258,267,7,33,71,58
531,822,262,269,8,34,76,56
534,831,262,272,6,31,75,58
542,844,264,278,7,32,77,61
555,863,271,284,15,35,85,67
559,870,272,287,15,39,85,66
562,876,275,287,20,42,84,67
566,883,277,289,20,46,81,71
570,892,279,291,20,47,80,71
566,896,279,287,20,47,81,70
565,900,279,286,23,46,80,70
575,912,284,291,21,38,83,72
584,924,288,296,22,39,82,76
589,934,290,299,20,39,78,79
593,941,291,302,20,40,74,78
596,949,292,304,19,40,73,77
601,959,294,307,23,43,72,81
614,974,301,313,27,42,76,87
619,984,303,316,29,42,75,87
627,997,309,318,31,46,79,87
635,1009,313,322,30,40,81,84
643,1022,319,324,32,39,79,80
655,1037,326,329,32,36,84,83
660,1048,329,331,30,35,87,85
667,1059,332,335,29,39,88,88
673,1074,333,340,35,44,92,90
686,1091,338,348,33,41,97,98
692,1102,341,351,35,41,102,100
693,1111,347,346,33,40,102,97
705,1127,357,348,36,44,110,93
715,1140,366,349,33,41,116,90
717,1150,370,347,28,38,120,89
732,1168,383,349,28,38,131,88
741,1182,387,354,23,37,131,92
748,1196,390,358,17,33,128,94
756,1206,394,362,19,36,127,95
762,1214,399,363,19,38,124,93
769,1226,402,367,22,41,124,93
773,1233,406,367,24,42,122,89
786,1247,413,373,22,38,121,89
787,1254,412,375,24,37,118,88
808,1278,421,387,26,39,124,95
818,1295,430,388,26,36,129,92
822,1306,434,388,30,37,127,88
831,1319,443,388,31,35,130,87
837,1330,447,390,35,42,130,89
841,1345,450,391,41,47,126,92
841,1356,455,386,41,50,124,92
848,1367,463,385,43,51,126,91
854,1380,464,390,42,47,117,95
865,1397,471,394,48,45,121,94
878,1414,475,403,54,44,123,95
884,1427,478,406,55,41,124,97
899,1445,489,410,62,38,130,101
908,1458,490,418,65,45,128,104
920,1473,498,422,65,49,130,110
924,1482,501,423,63,47,127,108
932,1499,503,429,63,45,131,114
940,1513,507,433,65,47,127,108
957,1537,516,441,62,39,127,115
971,1554,526,445,68,43,134,114
975,1570,528,447,65,39,134,117
991,1591,536,455,69,47,139,122
1008,1612,547,461,79,48,144,123
1007,1621,544,463,78,48,139,126
1015,1634,551,464,80,45,137,130
1020,1648,554,466,83,47,140,128
1023,1659,556,467,85,48,140,122
1034,1681,562,472,91,49,144,123
1044,1693,567,477,92,43,143,123
1043,1702,569,474,90,44,138,119
1054,1719,572,482,93,46,141,120
1054,1732,569,485,96,52,141,118
1058,1745,571,487,95,52,144,119
1069,1762,578,491,100,53,145,118
1082,1781,583,499,96,54,147,121
1099,1808,592,507,102,59,147,124
1109,1825,597,512,100,56,146,125
1122,1846,602,520,101,58,146,130
1133,1864,608,525,101,60,144,129
1139,1879,610,529,110,67,137,130
1155,1898,618,537,115,65,144,133
1171,1920,622,549,117,65,145,141
1183,1940,629,554,123,70,148,144
1197,1962,638,559,123,65,153,150
1207,1981,644,563,114,59,151,149
1212,1993,646,566,114,58,152,148
1224,2013,651,573,117,59,156,155
1243,2039,662,581,120,55,163,157
1252,2058,670,582,126,61,166,160
1254,2071,672,582,117,54,164,162
1266,2091,676,590,117,51,165,164
1277,2108,679,598,117,54,164,163
1288,2134,678,610,117,51,162,164
1303,2159,683,620,121,52,163,171
1309,2175,685,624,125,55,162,167
1319,2196,689,630,123,56,163,169
1321,2207,692,629,128,62,163,165
1326,2226,694,632,131,60,161,167
1348,2252,707,641,134,66,166,166
1349,2265,709,640,132,64,163,162
1361,2289,713,648,131,66,159,168
1370,2309,715,655,137,71,159,169
1384,2334,721,663,140,80,163,178
1399,2360,729,670,147,85,167,180
1410,2385,733,677,147,79,163,183
1423,2409,742,681,141,74,167,184
1436,2429,745,691,136,69,169,189
1449,2452,747,702,137,70,169,192
1457,2470,754,703,143,74,174,188
1477,2499,766,711,146,73,180,185
1485,2522,766,719,139,67,175,188
1494,2548,768,726,138,66,180,193
1508,2574,774,734,137,68,180,198
1515,2593,779,736,135,70,183,203
1529,2617,785,744,142,78,186,205
1535,2639,784,751,136,72,180,207
1556,2673,799,757,139,76,193,215
1581,2707,816,765,139,75,204,214
1597,2731,824,773,140,79,209,213
1612,2759,831,781,144,83,214,211
1634,2791,843,791,141,77,219,212
1651,2821,849,802,140,80,224,212
1674,2855,857,817,141,83,225,221
1679,2877,858,821,131,78,226,222
1695,2905,861,834,138,83,227,226
1715,2936,875,840,136,86,235,231
1724,2958,874,850,146,90,226,233
1748,2994,886,862,149,97,237,235
1762,3018,889,873,149,100,232,238
1774,3042,895,879,148,93,234,234
1793,3078,901,892,155,95,240,245
1819,3118,910,909,145,94,245,256
1832,3143,911,921,145,94,246,258
1851,3177,921,930,142,97,247,257
1865,3201,930,935,143,99,236,258
1876,3225,939,937,145,103,238,256
1893,3255,949,944,141,107,241,255
1898,3277,950,948,149,107,231,255
1920,3310,962,958,161,111,233,256
1933,3338,971,962,162,108,234,249
1955,3370,978,977,164,108,241,252
1969,3400,979,990,168,106,243,252
1981,3432,983,998,170,108,240,256
1997,3462,992,1005,173,113,247,257
2015,3496,1005,1010,165,109,246,256
2028,3524,1019,1009,160,110,258,248
2047,3557,1025,1022,172,113,259,256
2069,3591,1033,1036,171,118,261,252
2073,3614,1041,1032,176,123,262,234
2092,3646,1053,1039,173,128,272,231
2103,3677,1061,1042,168,123,269,231
2119,3705,1066,1053,167,128,272,232
2141,3744,1075,1066,168,137,275,244
2164,3783,1094,1070,161,139,281,247
2193,3826,1107,1086,165,133,293,256
2209,3856,1116,1093,158,130,295,251
2236,3897,1133,1103,163,127,303,256
2256,3934,1141,1115,168,126,306,258
2274,3973,1154,1120,165,127,320,253
2294,4010,1164,1130,169,130,320,258
2313,4047,1175,1138,174,129,323,262
2347,4096,1191,1156,177,132,331,269
2376,4142,1204,1172,177,136,333,285
2397,4180,1219,1178,180,137,342,281
2426,4225,1232,1194,185,142,348,286
2452,4268,1245,1207,190,147,354,300
2467,4306,1252,1215,190,135,355,305
2484,4349,1259,1225,188,140,357,315
2510,4390,1273,1237,192,144,363,322
2526,4428,1276,1250,197,138,360,324
2539,4462,1281,1258,193,130,351,328
2569,4509,1300,1269,190,120,356,327
2589,4541,1315,1274,197,129,355,330
2613,4582,1327,1286,196,129,352,333
2637,4628,1337,1300,208,132,355,339
2670,4679,1355,1315,218,143,353,353
2691,4720,1363,1328,224,141,355,355
2715,4763,1377,1338,235,143,361,355
2742,4802,1392,1350,242,149,357,349
2775,4848,1406,1369,251,143,356,350
2812,4900,1419,1393,249,144,354,366
2838,4945,1430,1408,247,143,350,370
2867,4991,1449,1418,256,151,356,367
2889,5035,1467,1422,258,155,360,369
2921,5085,1485,1436,270,161,365,371
2940,5126,1494,1446,274,164,367,369
2964,5176,1505,1459,282,169,375,373
2973,5205,1513,1460,283,170,373,370
2985,5247,1515,1470,283,171,367,371
3015,5303,1533,1482,283,174,379,383
3025,5340,1539,1486,277,174,377,381
3065,5397,1562,1503,270,171,385,384
3101,5449,1583,1518,272,168,391,379
3141,5508,1604,1537,272,164,403,385
3161,5556,1620,1541,274,163,405,388
3185,5602,1638,1547,279,170,412,388
3209,5645,1648,1561,285,177,411,386
3231,5693,1658,1573,286,181,415,378
3257,5745,1671,1586,285,175,426,374
3292,5806,1683,1609,285,172,422,393
3317,5856,1687,1630,285,176,420,401
3319,5898,1686,1633,283,186,413,400
3348,5948,1698,1650,284,194,413,409
3396,6019,1717,1679,294,192,419,424
3429,6079,1733,1696,294,190,433,441
3455,6129,1752,1703,296,190,443,439
3484,6183,1765,1719,293,186,438,442
3509,6232,1783,1726,291,186,446,446
3536,6290,1793,1743,284,182,439,454
3594,6372,1823,1771,283,183,448,475
3639,6435,1843,1796,299,195,450,477
3673,6496,1868,1805,308,201,461,479
3688,6542,1877,1811,318,208,456,484
3718,6603,1892,1826,326,206,467,491
3750,6660,1904,1846,343,220,470,497
3768,6712,1917,1851,341,214,466,501
3794,6769,1934,1860,347,210,473,490
3824,6826,1944,1880,347,213,479,491
3855,6887,1960,1895,346,212,492,497
3883,6944,1971,1912,349,207,497,499
3915,6995,1983,1932,353,222,486,490
3948,7053,1989,1959,342,219,483,491
3980,7110,1999,1981,337,218,475,506
4006,7175,2012,1994,336,225,482,510
4053,7252,2045,2008,340,240,499,521
4097,7326,2073,2024,338,244,518,518
4140,7398,2094,2046,347,243,513,513
4187,7473,2111,2076,349,249,509,529
4234,7536,2137,2097,352,245,506,534
4274,7603,2153,2121,348,253,514,547
4309,7671,2177,2132,363,270,517,551
4351,7750,2194,2157,368,272,529,561
4404,7832,2217,2187,370,261,544,576
4439,7901,2235,2204,361,252,549,583
4463,7969,2245,2218,357,247,559,584
4487,8030,2252,2235,353,246,554,589
4531,8110,2272,2259,356,249,567,599
4591,8197,2307,2284,351,237,596,606
4632,8277,2336,2296,354,243,620,604
4678,8357,2360,2318,359,245,640,607
4724,8435,2380,2344,352,243,644,616
4764,8515,2402,2362,344,248,649,614
4803,8591,2412,2391,341,255,638,627
4853,8671,2435,2418,326,253,639,634
4896,8745,2466,2430,320,248,655,617
4935,8821,2485,2450,336,251,661,624
4948,8890,2493,2455,350,255,665,622
4985,8965,2521,2464,347,254,678,616
5049,9059,2554,2495,357,281,687,622
5098,9153,2579,2519,357,276,695,626
5140,9236,2607,2533,352,276,705,630
5196,9328,2638,2558,366,290,718,641
5240,9408,2663,2577,369,294,739,639
5276,9491,2679,2597,371,296,737,644
5323,9575,2700,2623,375,295,728,650
5371,9661,2724,2647,385,299,719,665
5412,9744,2739,2673,384,305,716,671
5464,9837,2768,2696,392,315,730,672
5523,9937,2796,2727,394,308,729,693
5568,10028,2822,2746,411,309,749,688
5617,10115,2852,2765,420,314,758,686
5689,10224,2894,2795,422,322,774,705
5759,10331,2932,2827,430,310,792,718
5791,10418,2942,2849,426,320,800,728
5857,10521,2966,2891,416,318,797,759
5916,10624,2995,2921,425,311,802,763
5988,10735,3035,2953,426,308,813,769
6042,10832,3069,2973,433,314,822,774
6098,10940,3105,2993,442,303,832,780
6155,11046,3133,3022,451,310,835,803
6224,11169,3155,3069,464,319,852,826
6296,11290,3183,3113,476,320,863,852
6348,11396,3210,3138,489,325,878,857
6411,11504,3238,3173,499,319,892,868
6474,11607,3266,3208,497,326,891,879
6537,11714,3290,3247,498,333,888,889
6584,11808,3303,3281,496,339,881,899
6637,11905,3336,3301,501,349,887,903
6698,12011,3361,3337,514,355,879,908
6781,12129,3404,3377,523,366,881,917
6862,12255,3448,3414,540,372,900,937
6922,12369,3478,3444,544,373,907,941
6981,12488,3514,3467,561,377,923,941
7019,12573,3529,3490,583,390,906,932
7086,12685,3569,3517,584,392,913,940
7184,12830,3632,3552,565,388,940,950
7238,12932,3652,3586,572,392,930,956
7317,13061,3696,3621,589,400,946,946
7371,13172,3726,3645,597,393,956,926
7442,13288,3763,3679,605,389,959,933
7513,13415,3796,3717,608,396,974,937
7557,13518,3827,3730,620,423,985,926
7659,13663,3881,3778,625,449,1012,937
7734,13795,3915,3819,633,455,1026,961
7802,13912,3948,3854,635,459,1036,971
7869,14030,3991,3878,629,458,1052,967
7933,14157,4025,3908,621,465,1055,973
7998,14282,4056,3942,618,468,1049,978
8094,14435,4103,3991,606,451,1073,993
8181,14573,4142,4039,601,446,1065,1020
8237,14693,4177,4060,609,452,1084,1036
8324,14835,4214,4110,621,466,1089,1061
8406,14976,4253,4153,619,476,1074,1072
8488,15119,4299,4189,631,468,1104,1083
8584,15274,4344,4240,618,454,1107,1106
8672,15427,4374,4298,630,451,1114,1141
8771,15580,4434,4337,677,469,1139,1153
8858,15726,4483,4375,666,478,1144,1167
8915,15853,4512,4403,689,490,1145,1190
9009,16006,4547,4462,677,469,1145,1198
9090,16151,4597,4493,670,464,1166,1190
9183,16306,4642,4541,689,474,1183,1211
9284,16463,4684,4600,704,472,1185,1248
9388,16638,4748,4640,721,488,1217,1264
9501,16807,4810,4691,729,512,1249,1276
9604,16974,4861,4743,735,513,1251,1288
9696,17128,4915,4781,747,505,1270,1285
9803,17299,4984,4819,752,511,1307,1299
9885,17459,5023,4862,750,522,1321,1303
9984,17625,5077,4907,761,536,1336,1313
10065,17785,5114,4951,768,559,1348,1318
10177,17965,5170,5007,757,544,1363,1328
10285,18138,5214,5071,773,566,1380,1331
10385,18307,5266,5119,788,578,1383,1344
10467,18468,5303,5164,787,578,1391,1351
10534,18628,5334,5200,806,606,1407,1368
10636,18815,5382,5254,800,619,1425,1384
10725,18978,5423,5302,821,629,1425,1402
10811,19149,5469,5342,813,621,1436,1407
10903,19323,5509,5394,802,615,1455,1405
10985,19492,5545,5440,815,635,1438,1416
11091,19672,5597,5494,832,639,1438,1427
11205,19853,5640,5565,840,645,1437,1442
11297,20034,5684,5613,844,664,1452,1454
11405,20226,5725,5680,864,669,1440,1487
11505,20408,5779,5726,877,675,1448,1501
11603,20602,5835,5768,880,691,1467,1510
11714,20794,5880,5834,864,669,1475,1534
11830,20992,5935,5895,905,682,1492,1535
11960,21199,6011,5949,895,668,1526,1535
12086,21402,6068,6018,903,668,1545,1550
12195,21590,6129,6066,917,676,1557,1565
12305,21790,6187,6118,936,699,1583,1579
12405,21990,6225,6180,933,701,1588,1587
12523,22187,6290,6233,938,705,1608,1601
12663,22406,6354,6309,938,704,1620,1637
12777,22612,6406,6371,953,725,1632,1657
12887,22825,6455,6432,966,743,1662,1671
13015,23044,6524,6491,964,746,1688,1684
13133,23255,6572,6561,979,754,1707,1695
13251,23464,6628,6623,978,747,1714,1716
13368,23680,6694,6674,972,754,1743,1711
13497,23905,6753,6744,980,766,1760,1737
13585,24116,6796,6789,986,801,1761,1753
13729,24351,6856,6873,986,792,1775,1782
13849,24587,6917,6932,1000,824,1792,1803
13987,24833,6991,6996,1015,841,1798,1836
14140,25070,7046,7094,1019,827,1788,1880
14268,25297,7113,7155,1019,837,1810,1897
14377,25520,7165,7212,1043,849,1811,1919
14502,25743,7244,7258,1068,845,1838,1915
14626,26002,7316,7310,1075,847,1878,1937
14765,26231,7369,7396,1078,852,1883,1942
14926,26493,7448,7478,1084,852,1913,1968
15047,26722,7517,7530,1071,847,1927,1970
15171,26963,7570,7601,1066,841,1928,1991
15309,27208,7657,7652,1060,852,1967,1986
15465,27474,7729,7736,1066,859,1994,2016
15626,27733,7798,7828,1089,879,1995,2058
15766,27994,7870,7896,1095,876,2026,2063
15920,28272,7952,7968,1094,896,2061,2095
16075,28553,8038,8037,1085,892,2104,2098
16251,28826,8134,8117,1102,893,2125,2114
16446,29117,8215,8231,1109,911,2138,2146
16588,29384,8285,8303,1119,918,2178,2136
16766,29670,8351,8415,1132,956,2184,2189
16948,29970,8440,8508,1137,953,2234,2216
17119,30268,8521,8598,1151,965,2261,2264
17297,30560,8618,8679,1124,987,2275,2283
17477,30858,8708,8769,1126,986,2320,2307
17647,31137,8788,8859,1113,988,2330,2314
17781,31404,8845,8936,1123,975,2334,2348
17960,31705,8922,9038,1143,976,2356,2386
18132,31993,8999,9133,1140,990,2359,2426
18312,32311,9080,9232,1140,988,2380,2457
18485,32607,9157,9328,1144,977,2399,2475
18679,32935,9242,9437,1156,1000,2416,2525
18869,33250,9338,9531,1174,995,2427,2551
19049,33578,9429,9620,1215,1044,2435,2590
19242,33904,9509,9733,1227,1081,2434,2644
19444,34236,9617,9827,1227,1065,2461,2658
19607,34547,9700,9907,1280,1112,2483,2680
19796,34878,9803,9993,1300,1117,2527,2681
19996,35223,9903,10093,1310,1114,2551,2702
20162,35537,9978,10184,1323,1143,2559,2710
20371,35891,10075,10296,1343,1162,2580,2751
20535,36216,10169,10366,1349,1212,2603,2755
20735,36567,10288,10447,1360,1215,2646,2784
20919,36907,10375,10544,1385,1238,2684,2819
21129,37265,10463,10666,1405,1244,2717,2843
21284,37587,10536,10748,1413,1247,2735,2859
21477,37938,10638,10839,1416,1245,2762,2865
21690,38313,10741,10949,1395,1239,2821,2885
21881,38655,10856,11025,1400,1271,2850,2870
22080,39015,10982,11098,1396,1281,2896,2869
22304,39378,11079,11225,1399,1302,2905,2895
22491,39709,11152,11339,1377,1304,2922,2883
22696,40071,11247,11449,1373,1318,2928,2907
22914,40462,11363,11551,1380,1334,2972,2943
23149,40870,11466,11683,1396,1366,3004,2988
23393,41268,11568,11825,1377,1389,3013,3032
23626,41674,11667,11959,1393,1409,3049,3088
23872,42096,11772,12100,1406,1421,3078,3127
24115,42511,11904,12211,1435,1451,3119,3176
24383,42951,12053,12330,1430,1435,3172,3212
24635,43364,12192,12443,1439,1442,3230,3227
24844,43769,12279,12565,1433,1442,3244,3260
25089,44197,12388,12701,1444,1430,3293,3317
25329,44622,12512,12817,1451,1418,3326,3358
25625,45096,12633,12992,1438,1417,3346,3437
25938,45574,12785,13153,1447,1444,3395,3524
26206,46026,12916,13290,1440,1448,3412,3599
26443,46456,13022,13421,1465,1470,3453,3625
26720,46924,13178,13542,1494,1484,3544,3671
26922,47338,13276,13646,1531,1495,3580,3687
27172,47795,13399,13773,1529,1455,3593,3740
27444,48248,13539,13905,1527,1486,3627,3751
27734,48712,13672,14062,1512,1484,3656,3788
27972,49155,13801,14171,1522,1516,3689,3792
28251,49634,13937,14314,1548,1533,3731,3807
28531,50112,14056,14475,1581,1580,3733,3868
28876,50637,14215,14661,1577,1600,3755,3931
29166,51135,14354,14812,1582,1623,3770,4001
29454,51621,14505,14949,1590,1647,3825,4027
29726,52107,14634,15092,1616,1658,3851,4059
29998,52605,14788,15210,1673,1679,3903,4080
30322,53115,14960,15362,1689,1664,3941,4078
30627,53627,15105,15522,1663,1675,3951,4102
30999,54186,15287,15712,1661,1693,4007,4153
31295,54698,15428,15867,1670,1707,4058,4184
31635,55265,15609,16026,1686,1767,4102,4239
31931,55773,15770,16161,1710,1803,4165,4270
32238,56297,15895,16343,1697,1810,4185,4317
32549,56819,16062,16487,1706,1837,4226,4345
32895,57391,16237,16658,1750,1849,4286,4393
33221,57954,16417,16804,1763,1864,4351,4448
33555,58530,16564,16991,1747,1879,4380,4516
33921,59129,16749,17172,1779,1902,4468,4549
34253,59699,16910,17343,1782,1937,4497,4565
34622,60305,17097,17525,1797,1941,4565,4605
34999,60937,17290,17709,1798,1931,4652,4664
35375,61560,17493,17882,1798,1975,4753,4700
35782,62187,17713,18069,1837,2019,4818,4764
36120,62790,17868,18252,1836,2042,4852,4823
36478,63399,18043,18435,1858,2072,4907,4865
36867,64039,18227,18640,1848,2088,4937,4916
37282,64712,18464,18818,1870,2084,5043,4971
37631,65331,18634,18997,1902,2120,5053,5013
38035,65984,18786,19249,1897,2141,5069,5142
38353,66603,18942,19411,1931,2190,5133,5173
38786,67317,19127,19659,1936,2193,5193,5305
39183,67985,19321,19862,1994,2230,5251,5343
39579,68650,19512,20067,2032,2238,5288,5408
40033,69364,19758,20275,2037,2301,5378,5456
40456,70062,19990,20466,2062,2304,5427,5506
40867,70757,20191,20676,2085,2347,5490,5568
41255,71440,20400,20855,2128,2369,5546,5589
41640,72124,20611,21029,2106,2375,5574,5613
42052,72798,20821,21231,2141,2398,5576,5662
42485,73526,21045,21440,2170,2419,5609,5730
42905,74251,21237,21668,2192,2437,5666,5795
43290,74949,21418,21872,2236,2461,5695,5855
43713,75677,21628,22085,2305,2491,5754,5884
44196,76441,21878,22318,2364,2523,5774,5955
44645,77198,22102,22543,2377,2565,5850,6017
45043,77910,22306,22737,2409,2610,5928,5998
45449,78623,22502,22947,2442,2679,5984,6036
45932,79415,22769,23163,2514,2696,6061,6037
46406,80212,23015,23391,2497,2690,6138,6089
46871,80998,23248,23623,2490,2765,6193,6155
47375,81815,23503,23872,2491,2791,6250,6201
47860,82630,23760,24100,2496,2846,6305,6263
48370,83469,24017,24353,2522,2872,6371,6341
48818,84243,24260,24558,2558,2915,6415,6388
49278,85040,24498,24780,2582,2925,6471,6445
49744,85850,24734,25010,2633,2965,6555,6497
50215,86677,24962,25253,2641,2963,6607,6544
50670,87500,25223,25447,2652,2935,6701,6548
51201,88377,25520,25681,2686,2945,6836,6592
51716,89261,25790,25926,2691,2958,6909,6675
52271,90173,26059,26212,2725,3000,6973,6759
52758,91013,26276,26482,2714,3026,6997,6818
53269,91893,26507,26762,2696,3052,7054,6929
53813,92783,26803,27010,2712,3074,7165,6995
54387,93708,27126,27261,2759,3119,7243,7050
54930,94615,27427,27503,2787,3144,7311,7092
55535,95590,27726,27809,2812,3154,7416,7176
56049,96482,27980,28069,2781,3129,7442,7225
56647,97465,28294,28353,2834,3155,7536,7299
57167,98405,28570,28597,2902,3198,7591,7345
57783,99454,28922,28861,2931,3244,7740,7471
58385,100460,29244,29141,2989,3276,7844,7576
59058,101518,29591,29467,3024,3308,7974,7694
59685,102538,29919,29766,3073,3360,8077,7784
60266,103535,30210,30056,3122,3373,8134,7901
60942,104644,30543,30399,3187,3414,8223,8044
61506,105647,30817,30689,3239,3442,8292,8094
62171,106716,31131,31040,3247,3453,8358,8185
62827,107798,31486,31341,3322,3473,8501,8284
63423,108845,31793,31630,3389,3493,8610,8342
64073,109934,32132,31941,3461,3581,8704,8447
64673,110981,32433,32240,3491,3629,8730,8543
65340,112088,32767,32573,3490,3660,8803,8670
65968,113164,33085,32883,3462,3672,8862,8712
66649,114285,33396,33253,3544,3716,8957,8846
67334,115432,33725,33609,3612,3735,9005,8962
67965,116555,34050,33915,3670,3742,9107,9043
68666,117737,34402,34264,3758,3827,9145,9138
69331,118882,34751,34580,3801,3868,9212,9210
70051,120086,35110,34941,3893,3937,9259,9309
70753,121265,35471,35282,3926,3964,9331,9396
71433,122447,35757,35676,4019,3998,9380,9532
72117,123623,36098,36019,4107,4064,9406,9573
72884,124869,36495,36389,4186,4107,9542,9680
73711,126167,36925,36786,4213,4124,9670,9781
74486,127428,37296,37190,4246,4163,9757,9873
75255,128725,37717,37538,4329,4253,9900,9980
76027,130021,38115,37912,4314,4235,9993,10094
76745,131294,38478,38267,4341,4305,10115,10198
77512,132582,38848,38664,4404,4356,10206,10288
78238,133852,39208,39030,4432,4371,10285,10403
78998,135146,39561,39437,4513,4425,10364,10497
79804,136518,39984,39820,4529,4462,10509,10577
80607,137875,40384,40223,4559,4495,10600,10720
81338,139216,40771,40567,4616,4532,10704,10775
82154,140593,41200,40954,4642,4595,10821,10890
83003,142028,41614,41389,4691,4689,10938,11004
83909,143474,42048,41861,4719,4690,11061,11148
84665,144856,42446,42219,4772,4740,11213,11196
85454,146253,42834,42620,4815,4766,11313,11317
86304,147677,43235,43069,4881,4847,11351,11457
87095,149053,43646,43449,4910,4881,11404,11482
87931,150497,44040,43891,4896,4961,11474,11595
88762,151971,44463,44299,4921,5008,11541,11705
89619,153467,44909,44710,4983,5037,11653,11793
90543,155011,45354,45189,5066,5136,11776,11941
91455,156561,45812,45643,5181,5244,11917,12062
92326,158089,46261,46065,5261,5277,12052,12185
93211,159630,46687,46524,5294,5304,12199,12285
94209,161239,47226,46983,5325,5338,12331,12390
95216,162885,47708,47508,5356,5371,12462,12548
96121,164456,48186,47935,5411,5441,12564,12676
97105,166115,48665,48440,5422,5503,12709,12813
97992,167704,49108,48884,5530,5591,12804,12872
98929,169345,49590,49339,5552,5637,12935,12936
99875,170995,50070,49805,5616,5650,13070,13069
100885,172720,50627,50258,5699,5713,13284,13183
